<?xml version="1.0" encoding="utf-8"?>
<!DOCTYPE hibernate-configuration PUBLIC
"-//Hibernate/Hibernate Configuration DTD 3.0//EN"
"http://hibernate.sourceforge.net/hibernate-configuration-3.0.dtd">
<hibernate-configuration>
  <session-factory>
    <property name="connection.driver_class">com.mysql.cj.jdbc.Driver</property>
		<property name="connection.url">jdbc:mysql://localhost:3306/hybarnet</property>
		<property name="connection.username">root</property>
		<property name="connection.password">vinod123</property>
		<property name="dialect">org.hibernate.dialect.MySQL5Dialect</property>
		<property name="hbm2ddl.auto">create</property>
		<property name="show_sql">true</property>
    <property name="connection.pool_size">3</property>
    <!--property name="dialect">org.hibernate.dialect.MySQLDialect</property-->
   <!--   <property name="current_session_context_class">thread</property>-->
   
    <property name="format_sql">true</property>
    
    <!-- mapping class="com.mcnz.jpa.examples.Player" / -->
  </session-factory>
</hibernate-configuration>