<?xml version="1.0" encoding="UTF-8"?>
<!DOCTYPE hibernate-configuration SYSTEM
"http://www.hibernate.org/dtd/hibernate-configuration-3.0.dtd">
<hibernate-configuration>
	<session-factory>

		<property name="connection.driver_class">com.mysql.cj.jdbc.Driver</property>
        <!-- property name="connection.driver_class">com.mysql.jdbc.Driver</property -->
        <property name="connection.url">jdbc:mysql://localhost/CountrySports?createDatabaseIfNotExist=true</property>
        <property name="connection.username">root</property>
        <property name="connection.password">Konda@1204</property>
        
        <property name="connection.pool_size">3</property>
	
	    <property name="dialect">org.hibernate.dialect.MySQL8Dialect</property>
	    <property name="current_session_context_class">thread</property> 
	    
	    <property name="show_sql">true</property>
        <property name="format_sql">true</property>
        
        <property name="hbm2ddl.auto">update</property>
        <property name="cache.use_second_level_cache">true</property>   
         <property name="cache.region.factory_class"> org.hibernate.cache.ehcache.internal.EhcacheRegionFactory</property> 
        
        <mapping class="com.coutrysports.web.model.Country" />
        <mapping class="com.coutrysports.web.model.City" />
        <mapping class="com.coutrysports.web.model.Sport" />
        <mapping class="com.coutrysports.web.model.Language" />
        
         
         

	</session-factory>
</hibernate-configuration>
